# Разметка под 8 МБ флеша: два раздела под программу, чтобы работала OTA
# Name,        Type, SubType,  Offset,    Size,      Flags
nvs,           data, nvs,      0x9000,    0x6000,
otadata,       data, ota,      0xF000,    0x2000,
phy_init,      data, phy,      0x11000,   0x1000,
ota_0,         app,  ota_0,    0x20000,   0x300000,
ota_1,         app,  ota_1,    0x320000,  0x300000,
zb_storage,    data, fat,      0x620000,  0x4000,
zb_fct,        data, fat,      0x624000,  0x400,
spiffs,        data, spiffs,   0x625000,  0x1DB000,
